{"autoplayTransitionDelay":5,"author":"","timestamp":"2019-46-10 2:5:0","loopSlideshow":0,"filename":"YAMO","autoplayBuildDelay":2,"comment":"","title":"YAMO","showMode":0,"creator":"Apple Keynote 9.0.2","slideList":["17813447-31F1-40C5-A51C-3D4E84F38B97","C188335B-003E-4C6B-B476-22ED33FCFADA","573E2A98-17E9-494F-8B77-B444DFAC0689","0307A350-036E-4F82-BC3B-8E97EE030C36","2F6CD3CB-EF90-4AAB-A2F1-4315B1CA17CA","B7A1BE01-37A8-4312-A858-96107D0EDF41","91E1CB56-BEAC-4355-94D4-0296EF45576C","2A6BD437-6742-4DD2-982E-86B2C43F8AC4","040EB1AF-10D2-4B44-A35B-CB3AC341C2A1","E6638B85-CCEA-4247-83B2-E9BDB7AFE4F6","F0E84847-2BC7-4DE2-807E-F18BFF9511BB","0933A1A6-C57C-4924-903F-7B2478444D1F","63E6FC40-B662-400A-ACC0-E562FB54ACB0"],"soundtrack":{"mode":0,"volume":1},"slideWidth":1920,"slideHeight":1080,"slideCount":13,"majorVersion":1,"minorVersion":2,"fonts":["Karla-Regular","Helvetica","Montserrat-SemiBold","Times-Roman","Montserrat-Bold","ArialRoundedMTStd","Helvetica-Light","Georgia","ArialMT","OpenSans","Montserrat-Regular","AkzidenzGroteskBQ-Bold","TrebuchetMS","Avenir-Book","AkzidenzGroteskBQ-Light","ArialRoundedMTBold","HelveticaNeue","Arial-BoldMT","Karla-Bold"]}