{"assets":{"D61B2C407ED60EEFA51C0145E5807200":{"type":"texture","index":0,"assetRequest":{"type":"slide","state":"contents","slide":"none"},"url":{"native":"assets\/E6638B85-CCEA-4247-83B2-E9BDB7AFE4F6.pdf"},"width":1920,"height":1080},"BCD3E762549F23B4F69DA5DCA14B92FC":{"type":"texture","index":1,"assetRequest":{"type":"slide","state":"contents","slide":"none"},"url":{"native":"assets\/E6638B85-CCEA-4247-83B2-E9BDB7AFE4F6.pdf"},"width":1920,"height":1080}},"events":[{"effects":[{"beginTime":0,"baseLayer":{"animations":[],"initialState":{"affineTransform":[1,0,0,1,0,0],"masksToBounds":false,"rotation":0,"scale":1,"position":{"pointX":960,"pointY":540},"width":1920,"sublayerTransform":[1,0,0,0,0,1,0,0,0,0,1,0,0,0,0,1],"contentsRect":{"y":0,"x":0,"width":1,"height":1},"opacity":1,"edgeAntialiasingMask":251658240,"height":1080,"hidden":false,"anchorPoint":{"pointX":0.5,"pointY":0.5}},"objectID":"0","layers":[{"animations":[],"initialState":{"affineTransform":[1,0,0,1,0,0],"masksToBounds":false,"rotation":0,"scale":1,"position":{"pointX":960,"pointY":540},"width":1920,"sublayerTransform":[1,0,0,0,0,1,0,0,0,0,1,-0.00035007912466775983,0,0,0,1],"contentsRect":{"y":0,"x":0,"width":1,"height":1},"opacity":1,"edgeAntialiasingMask":251658240,"height":1080,"hidden":false,"anchorPoint":{"pointX":0.5,"pointY":0.5}},"layers":[{"animations":[],"layers":[],"texturedRectangle":{"isBackgroundTexture":false,"singleTextureOpacity":1,"textureType":0,"textBaseline":0,"textXHeight":0,"isVerticalText":false},"initialState":{"affineTransform":[1,0,0,1,0,0],"masksToBounds":false,"rotation":0,"scale":1,"position":{"pointX":960,"pointY":540},"width":1920,"sublayerTransform":[1,0,0,0,0,1,0,0,0,0,1,0,0,0,0,1],"contentsRect":{"y":0,"x":0,"width":1,"height":1},"opacity":1,"edgeAntialiasingMask":0,"height":1080,"hidden":false,"anchorPoint":{"pointX":0.5,"pointY":0.5}},"texture":"BCD3E762549F23B4F69DA5DCA14B92FC"},{"animations":[{"timeOffset":0,"from":{"scalar":false},"beginTime":0,"repeatCount":0,"fillMode":"both","property":"hidden","autoreverses":false,"duration":0.01,"to":{"scalar":true}}],"layers":[],"texturedRectangle":{"isBackgroundTexture":false,"singleTextureOpacity":1,"textureType":0,"textBaseline":0,"textXHeight":0,"isVerticalText":false},"initialState":{"affineTransform":[1,0,0,1,0,0],"masksToBounds":false,"rotation":0,"scale":1,"position":{"pointX":960,"pointY":540},"width":1920,"sublayerTransform":[1,0,0,0,0,1,0,0,0,0,1,0,0,0,0,1],"contentsRect":{"y":0,"x":0,"width":1,"height":1},"opacity":1,"edgeAntialiasingMask":0,"height":1080,"hidden":false,"anchorPoint":{"pointX":0.5,"pointY":0.5}},"texture":"D61B2C407ED60EEFA51C0145E5807200"}]}]},"effects":[],"duration":0.01,"type":"transition","name":"none","objectID":"0"}],"automaticPlay":false,"hyperlinks":[],"accessibility":[{"text":"pasted-image.tiff","targetRectangle":{"y":1009.657958984375,"x":1712.97900390625,"width":235.48167419433594,"height":251.86300659179688}},{"text":"Prior to testing we will interview the chosen target audience to assess their current digital behaviour in general, as well as their digital behaviour in relation of food and healthy eating involved with their children. ","targetRectangle":{"y":137.9674555900923,"x":142.59698463802567,"width":736.53866974010839,"height":268.39998459815979}},{"text":"During testing, participants will be asked to complete 4 tasks:","targetRectangle":{"y":459.9674555900923,"x":142.59698463802567,"width":736.53866974010839,"height":84.39998459815979}},{"text":"Get to the product area and choosing something they would like to buy","targetRectangle":{"y":551.9674555900923,"x":182.59698606853715,"width":696.53866830959714,"height":84.39998459815979}},{"text":"Placing an Order for Switzerland (choosing a delivery date with op. 1)","targetRectangle":{"y":137.9674555900923,"x":1040.8701525711044,"width":696.53866830959714,"height":84.39998459815979}},{"text":"Going back to the Order and change the country of arrival (choosing a delivery date with op. 2)","targetRectangle":{"y":229.9674555900923,"x":1040.8701525711044,"width":696.53866830959714,"height":130.39998459815979}},{"text":"Go back to the home and Place the Order from the Home Page (choosing a delivery date with op. 3)","targetRectangle":{"y":367.9674555900923,"x":1040.8701525711044,"width":696.5386683095976,"height":130.39998459815979}},{"text":"(getting to this page will be considered a success)","targetRectangle":{"y":505.9674555900923,"x":1000.8701511405931,"width":736.53866974010896,"height":84.39998459815979}},{"text":"Screen Shot 2019-05-10 at 01.59.18.png","targetRectangle":{"y":649.44115501238207,"x":1071.6351836606721,"width":616.9375,"height":344.125}},{"text":"Screen Shot 2019-05-10 at 02.05.04.png","targetRectangle":{"y":653.19115506393291,"x":171.50106246119549,"width":609.73132324218761,"height":336.63678298145533}}],"baseLayer":{"animations":[],"initialState":{"affineTransform":[1,0,0,1,0,0],"masksToBounds":false,"rotation":0,"scale":1,"position":{"pointX":960,"pointY":540},"width":1920,"sublayerTransform":[1,0,0,0,0,1,0,0,0,0,1,0,0,0,0,1],"contentsRect":{"y":0,"x":0,"width":1,"height":1},"opacity":1,"edgeAntialiasingMask":251658240,"height":1080,"hidden":false,"anchorPoint":{"pointX":0.5,"pointY":0.5}},"objectID":"0","layers":[{"animations":[],"initialState":{"affineTransform":[1,0,0,1,0,0],"masksToBounds":false,"rotation":0,"scale":1,"position":{"pointX":960,"pointY":540},"width":1920,"sublayerTransform":[1,0,0,0,0,1,0,0,0,0,1,-0.00035007912466775983,0,0,0,1],"contentsRect":{"y":0,"x":0,"width":1,"height":1},"opacity":1,"edgeAntialiasingMask":251658240,"height":1080,"hidden":false,"anchorPoint":{"pointX":0.5,"pointY":0.5}},"layers":[{"animations":[],"layers":[],"texturedRectangle":{"isBackgroundTexture":false,"singleTextureOpacity":1,"textureType":0,"textBaseline":0,"textXHeight":0,"isVerticalText":false},"initialState":{"affineTransform":[1,0,0,1,0,0],"masksToBounds":false,"rotation":0,"scale":1,"position":{"pointX":960,"pointY":540},"width":1920,"sublayerTransform":[1,0,0,0,0,1,0,0,0,0,1,0,0,0,0,1],"contentsRect":{"y":0,"x":0,"width":1,"height":1},"opacity":1,"edgeAntialiasingMask":0,"height":1080,"hidden":false,"anchorPoint":{"pointX":0.5,"pointY":0.5}},"texture":"D61B2C407ED60EEFA51C0145E5807200"}]}]}}]}