{"assets":{"70EBC595497D1582017921824F35B860":{"type":"texture","index":1,"assetRequest":{"type":"slide","state":"contents","slide":"none"},"url":{"native":"assets\/2A6BD437-6742-4DD2-982E-86B2C43F8AC4.pdf"},"width":1920,"height":1080},"C7E9732542B9BD98762D37AC93488702":{"type":"texture","index":0,"assetRequest":{"type":"slide","state":"contents","slide":"none"},"url":{"native":"assets\/2A6BD437-6742-4DD2-982E-86B2C43F8AC4.pdf"},"width":1920,"height":1080}},"events":[{"effects":[{"beginTime":0,"baseLayer":{"animations":[],"initialState":{"affineTransform":[1,0,0,1,0,0],"masksToBounds":false,"rotation":0,"scale":1,"position":{"pointX":960,"pointY":540},"width":1920,"sublayerTransform":[1,0,0,0,0,1,0,0,0,0,1,0,0,0,0,1],"contentsRect":{"y":0,"x":0,"width":1,"height":1},"opacity":1,"edgeAntialiasingMask":251658240,"height":1080,"hidden":false,"anchorPoint":{"pointX":0.5,"pointY":0.5}},"objectID":"0","layers":[{"animations":[],"initialState":{"affineTransform":[1,0,0,1,0,0],"masksToBounds":false,"rotation":0,"scale":1,"position":{"pointX":960,"pointY":540},"width":1920,"sublayerTransform":[1,0,0,0,0,1,0,0,0,0,1,-0.00035007912466775983,0,0,0,1],"contentsRect":{"y":0,"x":0,"width":1,"height":1},"opacity":1,"edgeAntialiasingMask":251658240,"height":1080,"hidden":false,"anchorPoint":{"pointX":0.5,"pointY":0.5}},"layers":[{"animations":[],"layers":[],"texturedRectangle":{"isBackgroundTexture":false,"singleTextureOpacity":1,"textureType":0,"textBaseline":0,"textXHeight":0,"isVerticalText":false},"initialState":{"affineTransform":[1,0,0,1,0,0],"masksToBounds":false,"rotation":0,"scale":1,"position":{"pointX":960,"pointY":540},"width":1920,"sublayerTransform":[1,0,0,0,0,1,0,0,0,0,1,0,0,0,0,1],"contentsRect":{"y":0,"x":0,"width":1,"height":1},"opacity":1,"edgeAntialiasingMask":0,"height":1080,"hidden":false,"anchorPoint":{"pointX":0.5,"pointY":0.5}},"texture":"70EBC595497D1582017921824F35B860"},{"animations":[{"timeOffset":0,"from":{"scalar":false},"beginTime":0,"repeatCount":0,"fillMode":"both","property":"hidden","autoreverses":false,"duration":0.01,"to":{"scalar":true}}],"layers":[],"texturedRectangle":{"isBackgroundTexture":false,"singleTextureOpacity":1,"textureType":0,"textBaseline":0,"textXHeight":0,"isVerticalText":false},"initialState":{"affineTransform":[1,0,0,1,0,0],"masksToBounds":false,"rotation":0,"scale":1,"position":{"pointX":960,"pointY":540},"width":1920,"sublayerTransform":[1,0,0,0,0,1,0,0,0,0,1,0,0,0,0,1],"contentsRect":{"y":0,"x":0,"width":1,"height":1},"opacity":1,"edgeAntialiasingMask":0,"height":1080,"hidden":false,"anchorPoint":{"pointX":0.5,"pointY":0.5}},"texture":"C7E9732542B9BD98762D37AC93488702"}]}]},"effects":[],"duration":0.01,"type":"transition","name":"none","objectID":"0"}],"automaticPlay":false,"hyperlinks":[],"accessibility":[{"text":"1","targetRectangle":{"y":856.42775869369507,"x":572.95229148864746,"width":23.76953125,"height":46}},{"text":"Picture Placeholder 9","targetRectangle":{"y":240.86598205566406,"x":309.97698974609375,"width":332.4144039976818,"height":601}},{"text":"Phone_gold.png","targetRectangle":{"y":140.05169677734375,"x":1232.067138671875,"width":424.27597045898438,"height":799.8966064453125}},{"text":"2","targetRectangle":{"y":856.42775869369507,"x":1060.1996059417725,"width":23.76953125,"height":46}},{"text":"Picture Placeholder 9","targetRectangle":{"y":240.86598205566406,"x":794.18206787109375,"width":332.4144039976818,"height":601}},{"text":"3","targetRectangle":{"y":856.42775869369507,"x":1547.4469203948975,"width":23.76953125,"height":46}},{"text":"Picture Placeholder 9","targetRectangle":{"y":240.86598205566406,"x":1278.3870849609375,"width":332.4144039976818,"height":601}},{"text":"Phone_gold.png","targetRectangle":{"y":140.05169677734375,"x":263.65695190429688,"width":424.27597045898438,"height":799.8966064453125}},{"text":"AND WE WILL LET OUR CUSTOMERS CHOOSE WHICH ONE SUITS THEM BEST.","targetRectangle":{"y":460.99999546182795,"x":428.28123848360877,"width":1073.4375,"height":111.99999999999994}},{"text":"BUT, HOW?","targetRectangle":{"y":572.99999546182789,"x":848.17381660860883,"width":223.65234375,"height":46}},{"text":"pasted-image.tiff","targetRectangle":{"y":1009.657958984375,"x":1712.97900390625,"width":235.48167419433594,"height":251.86300659179688}},{"text":"Phone_gold.png","targetRectangle":{"y":140.05169677734375,"x":747.86199951171875,"width":424.27597045898438,"height":799.8966064453125}}],"baseLayer":{"animations":[],"initialState":{"affineTransform":[1,0,0,1,0,0],"masksToBounds":false,"rotation":0,"scale":1,"position":{"pointX":960,"pointY":540},"width":1920,"sublayerTransform":[1,0,0,0,0,1,0,0,0,0,1,0,0,0,0,1],"contentsRect":{"y":0,"x":0,"width":1,"height":1},"opacity":1,"edgeAntialiasingMask":251658240,"height":1080,"hidden":false,"anchorPoint":{"pointX":0.5,"pointY":0.5}},"objectID":"0","layers":[{"animations":[],"initialState":{"affineTransform":[1,0,0,1,0,0],"masksToBounds":false,"rotation":0,"scale":1,"position":{"pointX":960,"pointY":540},"width":1920,"sublayerTransform":[1,0,0,0,0,1,0,0,0,0,1,-0.00035007912466775983,0,0,0,1],"contentsRect":{"y":0,"x":0,"width":1,"height":1},"opacity":1,"edgeAntialiasingMask":251658240,"height":1080,"hidden":false,"anchorPoint":{"pointX":0.5,"pointY":0.5}},"layers":[{"animations":[],"layers":[],"texturedRectangle":{"isBackgroundTexture":false,"singleTextureOpacity":1,"textureType":0,"textBaseline":0,"textXHeight":0,"isVerticalText":false},"initialState":{"affineTransform":[1,0,0,1,0,0],"masksToBounds":false,"rotation":0,"scale":1,"position":{"pointX":960,"pointY":540},"width":1920,"sublayerTransform":[1,0,0,0,0,1,0,0,0,0,1,0,0,0,0,1],"contentsRect":{"y":0,"x":0,"width":1,"height":1},"opacity":1,"edgeAntialiasingMask":0,"height":1080,"hidden":false,"anchorPoint":{"pointX":0.5,"pointY":0.5}},"texture":"C7E9732542B9BD98762D37AC93488702"}]}]}}]}